{"initial_reset_timestamp": 9922935.42195074, "timestamps": [9923018.445338769], "episode_lengths": [1000], "episode_rewards": [-793.9356244849189], "episode_types": ["t"]}