{"initial_reset_timestamp": 9927291.963294392, "timestamps": [9927363.96913252], "episode_lengths": [1000], "episode_rewards": [-13.393145229959002], "episode_types": ["t"]}