{"initial_reset_timestamp": 9923849.781395884, "timestamps": [9923858.529133707], "episode_lengths": [1000], "episode_rewards": [1000.0], "episode_types": ["t"]}