{"initial_reset_timestamp": 1647888228.3218005, "timestamps": [1647888229.8540823], "episode_lengths": [1039], "episode_rewards": [-21.0], "episode_types": ["t"]}