{"initial_reset_timestamp": 1647889070.0116823, "timestamps": [1647889071.5143025], "episode_lengths": [1018], "episode_rewards": [-21.0], "episode_types": ["t"]}