{"initial_reset_timestamp": 1647887387.1461878, "timestamps": [1647887388.8378508], "episode_lengths": [1275], "episode_rewards": [-20.0], "episode_types": ["t"]}