{"initial_reset_timestamp": 1647885726.8370664, "timestamps": [1647885728.039071], "episode_lengths": [1025], "episode_rewards": [-21.0], "episode_types": ["t"]}