{"initial_reset_timestamp": 1647884091.8750086, "timestamps": [1647884093.5308278], "episode_lengths": [1021], "episode_rewards": [-21.0], "episode_types": ["t"]}