{"initial_reset_timestamp": 1647884894.163943, "timestamps": [1647884895.3438559], "episode_lengths": [1029], "episode_rewards": [-21.0], "episode_types": ["t"]}