{"initial_reset_timestamp": 1647889910.2975905, "timestamps": [1647889911.8039973], "episode_lengths": [1051], "episode_rewards": [-21.0], "episode_types": ["t"]}