{"initial_reset_timestamp": 1647886550.2275367, "timestamps": [1647886551.6809175], "episode_lengths": [1025], "episode_rewards": [-21.0], "episode_types": ["t"]}