{"initial_reset_timestamp": 1647883087.5262268, "timestamps": [1647883088.5888376], "episode_lengths": [1023], "episode_rewards": [-21.0], "episode_types": ["t"]}