{"initial_reset_timestamp": 1647890748.4123805, "timestamps": [1647890749.5943236], "episode_lengths": [1099], "episode_rewards": [-21.0], "episode_types": ["t"]}