{"initial_reset_timestamp": 1647905073.0900764, "timestamps": [1647905076.5454414], "episode_lengths": [2141], "episode_rewards": [-19.0], "episode_types": ["t"]}