{"initial_reset_timestamp": 1647900375.67839, "timestamps": [1647900377.4927816], "episode_lengths": [1014], "episode_rewards": [-21.0], "episode_types": ["t"]}