{"initial_reset_timestamp": 1647902714.4564278, "timestamps": [1647902717.309933], "episode_lengths": [1697], "episode_rewards": [-19.0], "episode_types": ["t"]}