{"initial_reset_timestamp": 1647907392.0684142, "timestamps": [1647907395.7261038], "episode_lengths": [2290], "episode_rewards": [-18.0], "episode_types": ["t"]}