{"initial_reset_timestamp": 1647898915.5062525, "timestamps": [1647898918.3461921], "episode_lengths": [1433], "episode_rewards": [-21.0], "episode_types": ["t"]}