{"initial_reset_timestamp": 9921897.949674992, "timestamps": [9921948.325896883], "episode_lengths": [200], "episode_rewards": [200.0], "episode_types": ["t"]}